Designator,Val,Package,Mid X,Mid Y,Rotation,Layer
C1,0.1uF,C_0603_1608Metric,57.2,50.6,-90.0,top
C10,0.1uF,C_0603_1608Metric,76.3,16.0,180.0,top
C11,22nF,C_0402_1005Metric,76.0,14.1,-90.0,top
C12,2.2uF,C_0603_1608Metric,71.6,19.9,90.0,top
C13,1uF,C_0603_1608Metric,77.5,81.875,90.0,top
C14,51pF,C_0603_1608Metric,67.7,79.675,-90.0,top
C15,51pF,C_0603_1608Metric,67.7,82.675,90.0,top
C16,0.1uF,C_0603_1608Metric,55.5,44.4,0.0,top
C17,0.1uF,C_0603_1608Metric,53.0,34.5,-90.0,top
C18,0.1uF,C_0603_1608Metric,49.0,16.8,180.0,top
C19,100uF,CP_Elec_6.3x7.7,59.0,22.2,90.0,top
C2,0.1uF,C_0603_1608Metric,45.0,55.7,180.0,top
C20,0.1uF,C_0603_1608Metric,56.9,9.7,-90.0,top
C21,0.1uF,C_0603_1608Metric,49.7,9.7,-90.0,top
C22,0.1uF,C_0603_1608Metric,58.6,16.5,180.0,top
C23,22nF,C_0402_1005Metric,57.9,14.8,-90.0,top
C24,2.2uF,C_0603_1608Metric,54.7,20.1,90.0,top
C25,0.1uF,C_0603_1608Metric,31.4,17.6,180.0,top
C26,100uF,CP_Elec_6.3x7.7,42.0,22.2,90.0,top
C27,0.1uF,C_0603_1608Metric,39.4,9.6,-90.0,top
C28,0.1uF,C_0603_1608Metric,32.1,9.9,-90.0,top
C29,0.1uF,C_0603_1608Metric,40.9,16.4,180.0,top
C3,0.1uF,C_0603_1608Metric,50.0,67.9,90.0,top
C30,22nF,C_0402_1005Metric,40.4,14.7,-90.0,top
C31,2.2uF,C_0603_1608Metric,37.7,20.0,90.0,top
C32,0.1uF,C_0603_1608Metric,20.075,97.8,0.0,top
C33,0.1uF,C_0603_1608Metric,89.1,54.5,90.0,top
C34,0.1uF,C_0603_1608Metric,90.7,54.5,90.0,top
C35,0.1uF,C_0603_1608Metric,39.1,34.0,90.0,top
C36,22uF,C_0603_1608Metric,45.4,33.1,-90.0,top
C37,22uF,C_0603_1608Metric,43.9,33.1,-90.0,top
C38,0.1uF,C_0603_1608Metric,31.8,42.7,0.0,top
C39,0.1uF,C_0603_1608Metric,26.1,52.7,180.0,top
C4,0.1uF,C_0603_1608Metric,61.7,63.4,0.0,top
C40,10uF,C_0603_1608Metric,32.6,48.7,90.0,top
C41,10uF,C_0603_1608Metric,29.5,48.7,90.0,top
C42,0.1uF,C_0603_1608Metric,31.0,48.7,90.0,top
C43,22uF,C_0603_1608Metric,41.0,43.6,-90.0,top
C44,22uF,C_0603_1608Metric,42.6,43.6,-90.0,top
C45,0.1uF,C_0603_1608Metric,62.0,53.0,0.0,top
C46,0.1uF,C_0603_1608Metric,94.0,28.1,0.0,top
C47,0.1uF,C_0603_1608Metric,94.0,26.6,0.0,top
C48,0.1uF,C_0603_1608Metric,66.5,103.9,-90.0,top
C49,10uF,C_0603_1608Metric,37.5,37.4,90.0,top
C5,0.1uF,C_0603_1608Metric,51.5,67.9,90.0,top
C50,0.1uF,C_0603_1608Metric,30.16,37.415,90.0,top
C6,0.1uF,C_0603_1608Metric,66.9,17.3,180.0,top
C7,100uF,CP_Elec_6.3x7.7,76.0,22.2,90.0,top
C8,0.1uF,C_0603_1608Metric,74.8,9.4,-90.0,top
C9,0.1uF,C_0603_1608Metric,67.0,9.6,-90.0,top
D1,150060YS75000,D_0603_1608Metric,47.1,75.425,90.0,top
D2,150060GS75000,D_0603_1608Metric,7.375,55.6,0.0,top
D3,UPS840E3/TR13,POWERMITE3_MCH,18.775,41.39135,0.0,top
D4,UPS840E3/TR13,POWERMITE3_MCH,21.775,49.60865,180.0,top
FB1,FerriteBead,L_0603_1608Metric,62.0,51.3,180.0,top
FB2,FerriteBead,L_0603_1608Metric,53.0,67.9,90.0,top
J10,Conn_01x03_Pin,JST_XH_S3B-XH-A_1x03_P2.50mm_Horizontal,81.2,10.2,0.0,top
J11,Conn_Coaxial,Conn_BNC_KH-BNC50-3511,12.325,100.0,90.0,top
J12,Conn_01x02_Pin,Molex_PicoBlade_53048-0210_1x02_P1.25mm_Horizontal,61.95,5.65,0.0,top
J13,Conn_01x02_Pin,Molex_PicoBlade_53048-0210_1x02_P1.25mm_Horizontal,44.05,5.65,0.0,top
J14,Conn_01x02_Pin,Molex_PicoBlade_53048-0210_1x02_P1.25mm_Horizontal,26.15,5.65,0.0,top
J15,Conn_Coaxial,Conn_BNC_KH-BNC50-3511,101.9605,99.9664,-90.0,top
J16,Conn_Coaxial,Conn_BNC_KH-BNC50-3511,101.9605,80.75,-90.0,top
J17,Conn_Coaxial,Conn_BNC_KH-BNC50-3511,101.9605,61.75,-90.0,top
J18,Conn_Coaxial,Conn_BNC_KH-BNC50-3511,101.9605,42.65,-90.0,top
J19,Conn_01x02_Pin,Molex_PicoBlade_53048-0210_1x02_P1.25mm_Horizontal,109.3,16.8,90.0,top
J2,Conn_01x04_Pin,Molex_PicoBlade_53048-0410_1x04_P1.25mm_Horizontal,70.9,5.65,0.0,top
J20,USB_C_Receptacle_USB2.0_16P,AMPHENOL_12402012E212A,4.985,63.2,-90.0,top
J21,Conn_Coaxial,Conn_BNC_KH-BNC50-3511,12.325,80.9,90.0,top
J22,Barrel_Jack_Switch,BarrelJack_GCT_DCJ200-10-A_Horizontal,11.025,46.55,-90.0,top
J23,Conn_01x02_Pin,Molex_PicoBlade_53048-0210_1x02_P1.25mm_Horizontal,109.3,23.1,90.0,top
J24,Conn_01x02_Pin,Molex_PicoBlade_53048-0210_1x02_P1.25mm_Horizontal,109.3,29.4,90.0,top
J25,1718570004,MOLEX_KK_171857-0004,12.86875,29.8625,-90.0,top
J3,Conn_01x03_Pin,JST_XH_S3B-XH-A_1x03_P2.50mm_Horizontal,106.6,10.2,0.0,top
J4,Conn_01x03_Pin,PinHeader_1x03_P2.54mm_Vertical,10.96,19.6,-90.0,top
J5,Conn_02x02_Odd_Even,Molex_Nano-Fit_105314-xx04_2x02_P2.50mm_Horizontal,17.25,9.06,-90.0,top
J6,Conn_02x02_Odd_Even,Molex_Nano-Fit_105314-xx04_2x02_P2.50mm_Horizontal,5.45,9.06,-90.0,top
J7,Conn_01x04_Pin,Molex_PicoBlade_53048-0410_1x04_P1.25mm_Horizontal,53.0,5.65,0.0,top
J8,Conn_01x04_Pin,Molex_PicoBlade_53048-0410_1x04_P1.25mm_Horizontal,35.1,5.65,0.0,top
J9,Conn_01x03_Pin,JST_XH_S3B-XH-A_1x03_P2.50mm_Horizontal,93.9,10.2,0.0,top
L1,3.3uH,L_TDK_VLS6045EX_VLS6045AF,36.9,45.4,0.0,top
L2,3.3uH,L_Taiyo_Yuden_MAMK,41.5,34.4,0.0,top
LS1,AST-01508MR-WT-R,Speaker_P7.6mm,81.75,70.45,90.0,bottom
R1,10k,R_0603_1608Metric,53.2,20.1,90.0,top
R10,180m,R_0603_1608Metric,55.4,9.7,90.0,top
R11,180m,R_0603_1608Metric,33.7,9.9,90.0,top
R12,180m,R_0603_1608Metric,37.9,9.6,90.0,top
R13,5.1k,R_0603_1608Metric,10.675,61.1,0.0,top
R14,1k,R_0603_1608Metric,106.81,17.945,-90.0,top
R15,1k,R_0603_1608Metric,106.81,24.245,-90.0,top
R16,1k,R_0603_1608Metric,106.81,30.545,-90.0,top
R17,3.3k,R_0603_1608Metric,4.175,55.6,180.0,top
R18,10k,R_0603_1608Metric,38.8,55.6,0.0,top
R19,10k,R_0603_1608Metric,26.1,54.4,180.0,top
R2,10k,R_0603_1608Metric,35.4,20.0,90.0,top
R20,54.9k,R_0603_1608Metric,27.0,45.9,0.0,top
R21,10k,R_0603_1608Metric,27.0,44.4,180.0,top
R22,10k,R_0603_1608Metric,20.075,96.3,0.0,top
R23,5.1k,R_0603_1608Metric,10.675,65.8,0.0,top
R24,1k,R_0603_1608Metric,59.9,65.8,90.0,top
R25,10k,R_0603_1608Metric,33.0,93.025,90.0,top
R26,10k,R_0603_1608Metric,35.6,92.925,90.0,top
R27,33.2k,R_0603_1608Metric,32.3,34.54,0.0,top
R28,10k,R_0603_1608Metric,32.3,33.04,180.0,top
R29,10k,R_0603_1608Metric,68.0,103.9,90.0,top
R3,220,R_0603_1608Metric,45.5,75.425,90.0,top
R30,10k,R_0603_1608Metric,48.9,103.9,-90.0,top
R31,10k,R_0603_1608Metric,74.3,84.875,180.0,top
R35,0,R_0603_1608Metric,15.56,33.64,0.0,top
R36,0,R_0603_1608Metric,15.56,31.14,0.0,top
R37,0,R_0603_1608Metric,15.56,28.64,0.0,top
R38,1k,R_0603_1608Metric,61.7,9.59,0.0,top
R39,1k,R_0603_1608Metric,43.875,9.59,0.0,top
R4,180m,R_0603_1608Metric,68.5,9.6,90.0,top
R40,1k,R_0603_1608Metric,25.96,9.59,0.0,top
R5,180m,R_0603_1608Metric,73.3,9.4,90.0,top
R6,150k,R_0603_1608Metric,69.2,79.675,90.0,top
R7,150k,R_0603_1608Metric,69.2,82.675,-90.0,top
R8,120,R_0603_1608Metric,10.8,22.2,0.0,top
R9,180m,R_0603_1608Metric,51.2,9.7,90.0,top
RV1,3386P-1-103LF,Potentiometer_Bourns_3386P_Vertical,58.64,73.48,-90.0,top
SW1,CK_PTS526_SK15_Switch,CK_PTS526_SK15_Switch,61.8,103.0,180.0,top
SW2,CK_PTS526_SK15_Switch,CK_PTS526_SK15_Switch,53.6,103.0,180.0,top
SW3,SW_DIP_x02,DIP-4_W8.89mm_SMDSocket_LongPads,34.3,100.925,90.0,top
U1,STM32G474RETx,LQFP-64_10x10mm_P0.5mm,53.5,59.5,180.0,top
U10,W25Q16JVSSIQ,SOIC-8_5.23x5.23mm_P1.27mm,32.3,55.0,180.0,top
U12,TXB0104RUT,Texas_R-PUQFN-N12,91.2,27.6,-90.0,top
U13,ESD122DMYR,DMY0003A,9.975,63.8,180.0,top
U14,ESD122DMYR,DMY0003A,13.35,10.800001,0.0,top
U15,ESD122DMYR,DMY0003A,9.3,10.8,180.0,top
U17,TBD62783A,SOIC-18W_7.5x11.6mm_P1.27mm,23.41,31.52,180.0,top
U2,TMC2209,QFN-28-1EP_5x5mm_P0.5mm_EP3.75x3.75mm,71.5,14.5,180.0,top
U3,TPA2005D1,HVSSOP-8-1EP_3x3mm_P0.65mm_EP1.57x1.89mm_SmallPads,73.1,81.655,0.0,top
U4,ATA6561,SOIC-8_3.9x4.9mm_P1.27mm,55.4,39.9,-90.0,top
U5,TMC2209,QFN-28-1EP_5x5mm_P0.5mm_EP3.75x3.75mm,53.7,14.5,180.0,top
U6,TMC2209,QFN-28-1EP_5x5mm_P0.5mm_EP3.75x3.75mm,36.0,14.5,180.0,top
U7,TXB0104RUT,Texas_R-PUQFN-N12,89.9,51.6,0.0,top
U8,TPS561201,SOT-23-6,36.2,34.2,180.0,top
U9,TPS565208,SOT-23-6,30.8,45.3,180.0,top
XTAL1,ASEMB-8.000MHZ-LC-T,ABRACON_ASE,62.0,56.3,90.0,top
